ID,Longitude,Latitude,title,type,note,date
,138.90406,35.14992,1,syoukasen, ,2014/2/22 0:00
,138.90522,35.15059,2,syoukasen,,2014/2/22 0:00
,138.90408,35.15103,3,syoukasen, ,2014/2/22 0:00
,138.90156,35.15243,4,syoukasen,,2014/2/22 0:00
,138.90438,35.15232,5,syoukasen, ,2014/2/22 0:00
,138.90455,35.15313,6,syoukasen,,2014/2/22 0:00
,138.90046,35.15469,7,syoukasen, ,2014/2/22 0:00
,138.90174,35.15439,8,syoukasen,,2014/2/22 0:00
,138.90238,35.15417,9,syoukasen, ,2014/2/22 0:00
,138.90247,35.1547,10,syoukasen,,2014/2/22 0:00
,138.90436,35.15407,11,syoukasen, ,2014/2/22 0:00
,138.90484,35.15357,12,syoukasen,,2014/2/22 0:00
,138.90553,35.15378,13,syoukasen, ,2014/2/22 0:00
,138.90513,35.15442,14,syoukasen,,2014/2/22 0:00
,138.90481,35.15533,15,syoukasen, ,2014/2/22 0:00
,138.90671,35.15385,16,syoukasen,,2014/2/22 0:00
,138.9066,35.15491,17,syoukasen, ,2014/2/22 0:00
,138.90572,35.15506,18,syoukasen,,2014/2/22 0:00
,138.90083,35.1563,19,syoukasen, ,2014/2/22 0:00
,138.90215,35.15627,20,syoukasen,,2014/2/22 0:00
,138.90217,35.158,21,syoukasen, ,2014/2/22 0:00
,138.90485,35.15774,22,syoukasen,,2014/2/22 0:00
,138.90553,35.15807,23,syoukasen, ,2014/2/22 0:00
,138.9064,35.15751,24,syoukasen,,2014/2/22 0:00
,138.90669,35.15772,25,syoukasen, ,2014/2/22 0:00
,138.90643,35.15613,26,syoukasen,,2014/2/22 0:00
,138.90536,35.15634,27,syoukasen, ,2014/2/22 0:00
,138.90744,35.15783,28,syoukasen,,2014/2/22 0:00
,138.90892,35.15776,29,syoukasen, ,2014/2/22 0:00
,138.90634,35.15981,30,syoukasen,,2014/2/22 0:00
,138.90528,35.15887,31,syoukasen, ,2014/2/22 0:00
,138.9049,35.15986,32,syoukasen,,2014/2/22 0:00
,138.90467,35.15899,33,syoukasen, ,2014/2/22 0:00
,138.91166,35.16083,34,syoukasen,,2014/2/22 0:00
,138.91056,35.1597,35,syoukasen, ,2014/2/22 0:00
,138.90273,35.15982,36,syoukasen,,2014/2/22 0:00
,138.9036,35.16007,37,syoukasen, ,2014/2/22 0:00
,138.90415,35.16159,38,syoukasen,,2014/2/22 0:00
,138.90555,35.16134,39,syoukasen, ,2014/2/22 0:00
,138.89734,35.1603,40,syoukasen,,2014/2/22 0:00
,138.89815,35.16077,41,syoukasen, ,2014/2/22 0:00
,138.89829,35.15994,42,syoukasen,,2014/2/22 0:00
,138.89935,35.16094,43,syoukasen, ,2014/2/22 0:00
,138.90029,35.16097,44,syoukasen,,2014/2/22 0:00
,138.9008,35.1618,45,syoukasen, ,2014/2/22 0:00
,138.90145,35.16177,46,syoukasen,,2014/2/22 0:00
,138.89863,35.16311,47,syoukasen, ,2014/2/22 0:00
,138.89949,35.16286,48,syoukasen,,2014/2/22 0:00
,138.89964,35.16412,49,syoukasen, ,2014/2/22 0:00
,138.90022,35.16423,50,syoukasen,,2014/2/22 0:00
,138.90363,35.1634,51,syoukasen, ,2014/2/22 0:00
,138.90478,35.16394,52,syoukasen,,2014/2/22 0:00
,138.90575,35.16274,53,syoukasen, ,2014/2/22 0:00
,138.91051,35.16245,54,syoukasen,,2014/2/22 0:00
,138.90379,35.16509,55,syoukasen, ,2014/2/22 0:00
,138.90504,35.16512,56,syoukasen,,2014/2/22 0:00
,138.90073,35.16563,57,syoukasen, ,2014/2/22 0:00
,138.90084,35.16719,58,syoukasen,,2014/2/22 0:00
,138.90065,35.16853,59,syoukasen, ,2014/2/22 0:00
,138.90343,35.16676,60,syoukasen,,2014/2/22 0:00
,138.90341,35.16749,61,syoukasen, ,2014/2/22 0:00
,138.90353,35.16849,62,syoukasen,,2014/2/22 0:00
,138.90546,35.16775,63,syoukasen, ,2014/2/22 0:00
,138.90487,35.16647,64,syoukasen,,2014/2/22 0:00
,138.90769,35.16677,65,syoukasen, ,2014/2/22 0:00
,138.90759,35.16616,66,syoukasen,,2014/2/22 0:00
,138.90769,35.16547,67,syoukasen, ,2014/2/22 0:00
,138.90854,35.16535,68,syoukasen,,2014/2/22 0:00
,138.90907,35.1657,69,syoukasen, ,2014/2/22 0:00
,138.9097,35.16637,70,syoukasen,,2014/2/22 0:00
,138.90993,35.1657,71,syoukasen, ,2014/2/22 0:00
,138.90938,35.16487,72,syoukasen,,2014/2/22 0:00
,138.91024,35.16502,73,syoukasen, ,2014/2/22 0:00
,138.91138,35.16479,74,syoukasen,,2014/2/22 0:00
,138.91315,35.16335,75,syoukasen, ,2014/2/22 0:00
,138.91407,35.16335,76,syoukasen,,2014/2/22 0:00
,138.91523,35.16494,77,syoukasen, ,2014/2/22 0:00
,138.91519,35.1658,78,syoukasen,,2014/2/22 0:00
,138.9138,35.16691,79,syoukasen, ,2014/2/22 0:00
,138.91325,35.16751,80,syoukasen,,2014/2/22 0:00
,138.91214,35.16738,81,syoukasen, ,2014/2/22 0:00
,138.91211,35.1677,82,syoukasen,,2014/2/22 0:00
,138.91313,35.16631,83,syoukasen, ,2014/2/22 0:00
,138.91291,35.16549,84,syoukasen,,2014/2/22 0:00
,138.91218,35.16592,85,syoukasen, ,2014/2/22 0:00
,138.91145,35.16706,86,syoukasen,,2014/2/22 0:00
,138.91093,35.16663,87,syoukasen, ,2014/2/22 0:00
,138.91387,35.16784,88,syoukasen,,2014/2/22 0:00
,138.91276,35.16824,89,syoukasen, ,2014/2/22 0:00
,138.91183,35.16839,90,syoukasen,,2014/2/22 0:00
,138.91124,35.16926,91,syoukasen, ,2014/2/22 0:00
,138.9129,35.16904,92,syoukasen,,2014/2/22 0:00
,138.91413,35.16893,93,syoukasen, ,2014/2/22 0:00
,138.91475,35.16846,94,syoukasen,,2014/2/22 0:00
,138.91558,35.16849,95,syoukasen, ,2014/2/22 0:00
,138.91744,35.16883,96,syoukasen,,2014/2/22 0:00
,138.91694,35.16952,97,syoukasen, ,2014/2/22 0:00
,138.91419,35.1705,98,syoukasen,,2014/2/22 0:00
,138.91233,35.17005,99,syoukasen, ,2014/2/22 0:00
,138.91145,35.17037,100,syoukasen,,2014/2/22 0:00
,138.91197,35.17082,101,syoukasen, ,2014/2/22 0:00
,138.91048,35.16847,102,syoukasen,,2014/2/22 0:00
,138.90945,35.1681,103,syoukasen, ,2014/2/22 0:00
,138.9094,35.16913,104,syoukasen,,2014/2/22 0:00
,138.91064,35.16983,105,syoukasen, ,2014/2/22 0:00
,138.91069,35.17016,106,syoukasen,,2014/2/22 0:00
,138.90993,35.17121,107,syoukasen, ,2014/2/22 0:00
,138.90686,35.16948,108,syoukasen,,2014/2/22 0:00
,138.90643,35.16854,109,syoukasen, ,2014/2/22 0:00
,138.906,35.17067,110,syoukasen,,2014/2/22 0:00
,138.90513,35.17097,111,syoukasen, ,2014/2/22 0:00
,138.90505,35.17046,112,syoukasen,,2014/2/22 0:00
,138.90332,35.17024,113,syoukasen, ,2014/2/22 0:00
,138.90408,35.16905,114,syoukasen,,2014/2/22 0:00
,138.90014,35.1717,115,syoukasen, ,2014/2/22 0:00
,138.90123,35.17264,116,syoukasen,,2014/2/22 0:00
,138.90371,35.17218,117,syoukasen, ,2014/2/22 0:00
,138.90346,35.17234,118,syoukasen,,2014/2/22 0:00
,138.90571,35.17278,119,syoukasen, ,2014/2/22 0:00
,138.90614,35.17303,120,syoukasen,,2014/2/22 0:00
,138.90702,35.17318,121,syoukasen, ,2014/2/22 0:00
,138.90731,35.17252,122,syoukasen,,2014/2/22 0:00
,138.90806,35.17302,123,syoukasen, ,2014/2/22 0:00
,138.90728,35.17415,124,syoukasen,,2014/2/22 0:00
,138.90491,35.17381,125,syoukasen, ,2014/2/22 0:00
,138.9037,35.1735,126,syoukasen,,2014/2/22 0:00
,138.90054,35.17467,127,syoukasen, ,2014/2/22 0:00
,138.8997,35.17532,128,syoukasen,,2014/2/22 0:00
,138.90027,35.17557,129,syoukasen, ,2014/2/22 0:00
,138.9021,35.17646,130,syoukasen,,2014/2/22 0:00
,138.90394,35.17622,131,syoukasen, ,2014/2/22 0:00
,138.90396,35.17707,132,syoukasen,,2014/2/22 0:00
,138.90457,35.17487,133,syoukasen, ,2014/2/22 0:00
,138.9068,35.17513,134,syoukasen,,2014/2/22 0:00
,138.90544,35.17638,135,syoukasen, ,2014/2/22 0:00
,138.9065,35.17632,136,syoukasen,,2014/2/22 0:00
,138.90748,35.17642,137,syoukasen, ,2014/2/22 0:00
,138.90826,35.17528,138,syoukasen,,2014/2/22 0:00
,138.90846,35.17443,139,syoukasen, ,2014/2/22 0:00
,138.9096,35.175,140,syoukasen,,2014/2/22 0:00
,138.91077,35.17557,141,syoukasen, ,2014/2/22 0:00
,138.9105,35.17493,142,syoukasen,,2014/2/22 0:00
,138.91116,35.17497,143,syoukasen, ,2014/2/22 0:00
,138.91172,35.17437,144,syoukasen,,2014/2/22 0:00
,138.91085,35.17366,145,syoukasen, ,2014/2/22 0:00
,138.90973,35.17412,146,syoukasen,,2014/2/22 0:00
,138.91012,35.17365,147,syoukasen, ,2014/2/22 0:00
,138.90935,35.17331,148,syoukasen,,2014/2/22 0:00
,138.90907,35.17271,149,syoukasen, ,2014/2/22 0:00
,138.91045,35.17301,150,syoukasen,,2014/2/22 0:00
,138.91012,35.17258,151,syoukasen, ,2014/2/22 0:00
,138.91016,35.17233,152,syoukasen,,2014/2/22 0:00
,138.90873,35.17211,153,syoukasen, ,2014/2/22 0:00
,138.90895,35.1716,154,syoukasen,,2014/2/22 0:00
,138.91093,35.17205,155,syoukasen, ,2014/2/22 0:00
,138.9116,35.17253,156,syoukasen,,2014/2/22 0:00
,138.91155,35.17185,157,syoukasen, ,2014/2/22 0:00
,138.91321,35.17187,158,syoukasen,,2014/2/22 0:00
,138.91319,35.17324,159,syoukasen, ,2014/2/22 0:00
,138.915,35.17352,160,syoukasen,,2014/2/22 0:00
,138.91483,35.1727,161,syoukasen, ,2014/2/22 0:00
,138.91533,35.17144,162,syoukasen,,2014/2/22 0:00
,138.91645,35.17347,163,syoukasen, ,2014/2/22 0:00
,138.91614,35.17138,164,syoukasen,,2014/2/22 0:00
,138.91715,35.17164,165,syoukasen, ,2014/2/22 0:00
,138.91767,35.17065,166,syoukasen,,2014/2/22 0:00
,138.92008,35.17095,167,syoukasen, ,2014/2/22 0:00
,138.92176,35.17127,168,syoukasen,,2014/2/22 0:00
,138.91827,35.17334,169,syoukasen, ,2014/2/22 0:00
,138.91724,35.17443,170,syoukasen,,2014/2/22 0:00
,138.92222,35.17443,171,syoukasen, ,2014/2/22 0:00
,138.92293,35.17267,172,syoukasen,,2014/2/22 0:00
,138.92357,35.17189,173,syoukasen, ,2014/2/22 0:00
,138.92686,35.17152,174,syoukasen,,2014/2/22 0:00
,138.92908,35.1716,175,syoukasen, ,2014/2/22 0:00
,138.92452,35.17385,176,syoukasen,,2014/2/22 0:00
,138.92544,35.17437,177,syoukasen, ,2014/2/22 0:00
,138.9247,35.17507,178,syoukasen,,2014/2/22 0:00
,138.92639,35.17526,179,syoukasen, ,2014/2/22 0:00
,138.92802,35.17529,180,syoukasen,,2014/2/22 0:00
,138.93528,35.17338,181,syoukasen, ,2014/2/22 0:00
,138.94,35.1728,182,syoukasen,,2014/2/22 0:00
,138.94921,35.17323,183,syoukasen, ,2014/2/22 0:00
,138.90298,35.17893,184,syoukasen,,2014/2/22 0:00
,138.90371,35.17889,185,syoukasen, ,2014/2/22 0:00
,138.90346,35.17965,186,syoukasen,,2014/2/22 0:00
,138.90465,35.17952,187,syoukasen, ,2014/2/22 0:00
,138.90511,35.17901,188,syoukasen,,2014/2/22 0:00
,138.90605,35.17819,189,syoukasen, ,2014/2/22 0:00
,138.90661,35.17771,190,syoukasen,,2014/2/22 0:00
,138.90756,35.17755,191,syoukasen, ,2014/2/22 0:00
,138.90816,35.17843,192,syoukasen,,2014/2/22 0:00
,138.90817,35.17971,193,syoukasen, ,2014/2/22 0:00
,138.90628,35.17931,194,syoukasen,,2014/2/22 0:00
,138.90632,35.17972,195,syoukasen, ,2014/2/22 0:00
,138.90649,35.18005,196,syoukasen,,2014/2/22 0:00
,138.9091,35.17674,197,syoukasen, ,2014/2/22 0:00
,138.90933,35.17592,198,syoukasen,,2014/2/22 0:00
,138.91221,35.17567,199,syoukasen, ,2014/2/22 0:00
,138.9105,35.17655,200,syoukasen,,2014/2/22 0:00
,138.91144,35.1769,201,syoukasen, ,2014/2/22 0:00
,138.91224,35.17709,202,syoukasen,,2014/2/22 0:00
,138.91299,35.17686,203,syoukasen, ,2014/2/22 0:00
,138.91476,35.1773,204,syoukasen,,2014/2/22 0:00
,138.91331,35.1777,205,syoukasen, ,2014/2/22 0:00
,138.91439,35.17808,206,syoukasen,,2014/2/22 0:00
,138.91362,35.17874,207,syoukasen, ,2014/2/22 0:00
,138.91118,35.17829,208,syoukasen,,2014/2/22 0:00
,138.91024,35.17899,209,syoukasen, ,2014/2/22 0:00
,138.91071,35.17946,210,syoukasen,,2014/2/22 0:00
,138.9113,35.18005,211,syoukasen, ,2014/2/22 0:00
,138.91048,35.18014,212,syoukasen,,2014/2/22 0:00
,138.91225,35.18036,213,syoukasen, ,2014/2/22 0:00
,138.91231,35.17945,214,syoukasen,,2014/2/22 0:00
,138.9128,35.1792,215,syoukasen, ,2014/2/22 0:00
,138.91439,35.1802,216,syoukasen,,2014/2/22 0:00
,138.91779,35.17588,217,syoukasen, ,2014/2/22 0:00
,138.91753,35.17712,218,syoukasen,,2014/2/22 0:00
,138.91766,35.17768,219,syoukasen, ,2014/2/22 0:00
,138.9179,35.1786,220,syoukasen,,2014/2/22 0:00
,138.9168,35.17778,221,syoukasen, ,2014/2/22 0:00
,138.91573,35.17871,222,syoukasen,,2014/2/22 0:00
,138.91578,35.18032,223,syoukasen, ,2014/2/22 0:00
,138.91778,35.18026,224,syoukasen,,2014/2/22 0:00
,138.92096,35.18,225,syoukasen, ,2014/2/22 0:00
,138.92037,35.17805,226,syoukasen,,2014/2/22 0:00
,138.92983,35.17915,227,syoukasen, ,2014/2/22 0:00
,138.93102,35.17959,228,syoukasen,,2014/2/22 0:00
,138.93152,35.17839,229,syoukasen, ,2014/2/22 0:00
,138.93219,35.17838,230,syoukasen,,2014/2/22 0:00
,138.93287,35.17872,231,syoukasen, ,2014/2/22 0:00
,138.93244,35.17939,232,syoukasen,,2014/2/22 0:00
,138.93396,35.1794,233,syoukasen, ,2014/2/22 0:00
,138.93425,35.17899,234,syoukasen,,2014/2/22 0:00
,138.93491,35.17994,235,syoukasen, ,2014/2/22 0:00
,138.93396,35.18044,236,syoukasen,,2014/2/22 0:00
,138.9019,35.18164,237,syoukasen, ,2014/2/22 0:00
,138.90379,35.18052,238,syoukasen,,2014/2/22 0:00
,138.90462,35.18053,239,syoukasen, ,2014/2/22 0:00
,138.90553,35.18073,240,syoukasen,,2014/2/22 0:00
,138.90602,35.18136,241,syoukasen, ,2014/2/22 0:00
,138.90697,35.18159,242,syoukasen,,2014/2/22 0:00
,138.90751,35.18105,243,syoukasen, ,2014/2/22 0:00
,138.90855,35.1813,244,syoukasen,,2014/2/22 0:00
,138.90785,35.18468,245,syoukasen, ,2014/2/22 0:00
,138.90552,35.18512,246,syoukasen,,2014/2/22 0:00
,138.90445,35.18476,247,syoukasen, ,2014/2/22 0:00
,138.90373,35.18382,248,syoukasen,,2014/2/22 0:00
,138.90888,35.18237,249,syoukasen, ,2014/2/22 0:00
,138.90993,35.18073,250,syoukasen,,2014/2/22 0:00
,138.91018,35.1821,251,syoukasen, ,2014/2/22 0:00
,138.91254,35.1811,252,syoukasen,,2014/2/22 0:00
,138.91336,35.18079,253,syoukasen, ,2014/2/22 0:00
,138.91385,35.18059,254,syoukasen,,2014/2/22 0:00
,138.91483,35.18242,255,syoukasen, ,2014/2/22 0:00
,138.91418,35.18297,256,syoukasen,,2014/2/22 0:00
,138.91524,35.18355,257,syoukasen, ,2014/2/22 0:00
,138.91462,35.18467,258,syoukasen,,2014/2/22 0:00
,138.91178,35.18386,259,syoukasen, ,2014/2/22 0:00
,138.91074,35.183,260,syoukasen,,2014/2/22 0:00
,138.90939,35.18368,261,syoukasen, ,2014/2/22 0:00
,138.90963,35.18472,262,syoukasen,,2014/2/22 0:00
,138.91019,35.18518,263,syoukasen, ,2014/2/22 0:00
,138.91104,35.18519,264,syoukasen,,2014/2/22 0:00
,138.91724,35.18284,265,syoukasen, ,2014/2/22 0:00
,138.91937,35.18257,266,syoukasen,,2014/2/22 0:00
,138.91965,35.18374,267,syoukasen, ,2014/2/22 0:00
,138.92203,35.18262,268,syoukasen,,2014/2/22 0:00
,138.92094,35.18082,269,syoukasen, ,2014/2/22 0:00
,138.92291,35.18058,270,syoukasen,,2014/2/22 0:00
,138.92571,35.18178,271,syoukasen, ,2014/2/22 0:00
,138.92623,35.1826,272,syoukasen,,2014/2/22 0:00
,138.92752,35.18277,273,syoukasen, ,2014/2/22 0:00
,138.90119,35.18953,274,syoukasen,,2014/2/22 0:00
,138.90096,35.1889,275,syoukasen, ,2014/2/22 0:00
,138.90048,35.18943,276,syoukasen,,2014/2/22 0:00
,138.90295,35.18704,277,syoukasen, ,2014/2/22 0:00
,138.90382,35.18618,278,syoukasen,,2014/2/22 0:00
,138.90376,35.18549,279,syoukasen, ,2014/2/22 0:00
,138.90586,35.18637,280,syoukasen,,2014/2/22 0:00
,138.90428,35.18716,281,syoukasen, ,2014/2/22 0:00
,138.90548,35.18889,282,syoukasen,,2014/2/22 0:00
,138.9073,35.18709,283,syoukasen, ,2014/2/22 0:00
,138.90803,35.18784,284,syoukasen,,2014/2/22 0:00
,138.90849,35.18817,285,syoukasen, ,2014/2/22 0:00
,138.9084,35.18956,286,syoukasen,,2014/2/22 0:00
,138.90909,35.18664,287,syoukasen, ,2014/2/22 0:00
,138.9099,35.18664,288,syoukasen,,2014/2/22 0:00
,138.90986,35.18608,289,syoukasen, ,2014/2/22 0:00
,138.91233,35.18544,290,syoukasen,,2014/2/22 0:00
,138.91426,35.18573,291,syoukasen, ,2014/2/22 0:00
,138.91596,35.18752,292,syoukasen,,2014/2/22 0:00
,138.91523,35.18931,293,syoukasen, ,2014/2/22 0:00
,138.91521,35.1901,294,syoukasen,,2014/2/22 0:00
,138.91205,35.18938,295,syoukasen, ,2014/2/22 0:00
,138.91141,35.18794,296,syoukasen,,2014/2/22 0:00
,138.91075,35.1875,297,syoukasen, ,2014/2/22 0:00
,138.91007,35.18892,298,syoukasen,,2014/2/22 0:00
,138.91717,35.18778,299,syoukasen, ,2014/2/22 0:00
,138.91664,35.18848,300,syoukasen,,2014/2/22 0:00
,138.91747,35.189,301,syoukasen, ,2014/2/22 0:00
,138.91822,35.18662,302,syoukasen,,2014/2/22 0:00
,138.91921,35.18818,303,syoukasen, ,2014/2/22 0:00
,138.91906,35.18987,304,syoukasen,,2014/2/22 0:00
,138.92034,35.18989,305,syoukasen, ,2014/2/22 0:00
,138.92101,35.18785,306,syoukasen,,2014/2/22 0:00
,138.92102,35.18577,307,syoukasen, ,2014/2/22 0:00
,138.92281,35.18682,308,syoukasen,,2014/2/22 0:00
,138.89599,35.19059,309,syoukasen, ,2014/2/22 0:00
,138.89698,35.19044,310,syoukasen,,2014/2/22 0:00
,138.90118,35.1909,311,syoukasen, ,2014/2/22 0:00
,138.89923,35.19327,312,syoukasen,,2014/2/22 0:00
,138.89916,35.1941,313,syoukasen, ,2014/2/22 0:00
,138.8993,35.19507,314,syoukasen,,2014/2/22 0:00
,138.90572,35.19124,315,syoukasen, ,2014/2/22 0:00
,138.90671,35.19079,316,syoukasen,,2014/2/22 0:00
,138.90695,35.19065,317,syoukasen, ,2014/2/22 0:00
,138.90728,35.19199,318,syoukasen,,2014/2/22 0:00
,138.90762,35.19405,319,syoukasen, ,2014/2/22 0:00
,138.91085,35.19115,320,syoukasen,,2014/2/22 0:00
,138.91259,35.1914,321,syoukasen, ,2014/2/22 0:00
,138.91023,35.19282,322,syoukasen,,2014/2/22 0:00
,138.91359,35.19248,323,syoukasen, ,2014/2/22 0:00
,138.91418,35.1939,324,syoukasen,,2014/2/22 0:00
,138.91412,35.19426,325,syoukasen, ,2014/2/22 0:00
,138.91594,35.19213,326,syoukasen,,2014/2/22 0:00
,138.9169,35.1919,327,syoukasen, ,2014/2/22 0:00
,138.91814,35.19192,328,syoukasen,,2014/2/22 0:00
,138.91802,35.1911,329,syoukasen, ,2014/2/22 0:00
,138.91903,35.19161,330,syoukasen,,2014/2/22 0:00
,138.92014,35.19158,331,syoukasen, ,2014/2/22 0:00
,138.92115,35.19145,332,syoukasen,,2014/2/22 0:00
,138.92092,35.19206,333,syoukasen, ,2014/2/22 0:00
,138.9208,35.19277,334,syoukasen,,2014/2/22 0:00
,138.91959,35.19286,335,syoukasen, ,2014/2/22 0:00
,138.91808,35.19288,336,syoukasen,,2014/2/22 0:00
,138.918,35.19432,337,syoukasen, ,2014/2/22 0:00
,138.91808,35.19479,338,syoukasen,,2014/2/22 0:00
,138.92131,35.19389,339,syoukasen, ,2014/2/22 0:00
,138.92204,35.1949,340,syoukasen,,2014/2/22 0:00
,138.92678,35.19603,341,syoukasen, ,2014/2/22 0:00
,138.92554,35.1977,342,syoukasen,,2014/2/22 0:00
,138.9251,35.19757,343,syoukasen, ,2014/2/22 0:00
,138.92511,35.19564,344,syoukasen,,2014/2/22 0:00
,138.92369,35.19723,345,syoukasen, ,2014/2/22 0:00
,138.92357,35.19556,346,syoukasen,,2014/2/22 0:00
,138.92269,35.19668,347,syoukasen, ,2014/2/22 0:00
,138.92262,35.19567,348,syoukasen,,2014/2/22 0:00
,138.92057,35.1974,349,syoukasen, ,2014/2/22 0:00
,138.91937,35.1971,350,syoukasen,,2014/2/22 0:00
,138.91818,35.19686,351,syoukasen, ,2014/2/22 0:00
,138.9172,35.19636,352,syoukasen,,2014/2/22 0:00
,138.91724,35.19757,353,syoukasen, ,2014/2/22 0:00
,138.91846,35.19782,354,syoukasen,,2014/2/22 0:00
,138.91845,35.19907,355,syoukasen, ,2014/2/22 0:00
,138.91859,35.19983,356,syoukasen,,2014/2/22 0:00
,138.91736,35.19915,357,syoukasen, ,2014/2/22 0:00
,138.91646,35.19967,358,syoukasen,,2014/2/22 0:00
,138.91586,35.19826,359,syoukasen, ,2014/2/22 0:00
,138.91528,35.19773,360,syoukasen,,2014/2/22 0:00
,138.91467,35.19752,361,syoukasen, ,2014/2/22 0:00
,138.9124,35.19898,362,syoukasen,,2014/2/22 0:00
,138.91116,35.19934,363,syoukasen, ,2014/2/22 0:00
,138.90879,35.1991,364,syoukasen,,2014/2/22 0:00
,138.90977,35.19755,365,syoukasen, ,2014/2/22 0:00
,138.90861,35.19731,366,syoukasen,,2014/2/22 0:00
,138.90909,35.19664,367,syoukasen, ,2014/2/22 0:00
,138.91189,35.19517,368,syoukasen,,2014/2/22 0:00
,138.90801,35.19573,369,syoukasen, ,2014/2/22 0:00
,138.90744,35.1972,370,syoukasen,,2014/2/22 0:00
,138.90655,35.19666,371,syoukasen, ,2014/2/22 0:00
,138.90557,35.19741,372,syoukasen,,2014/2/22 0:00
,138.90448,35.19676,373,syoukasen, ,2014/2/22 0:00
,138.90455,35.19795,374,syoukasen,,2014/2/22 0:00
,138.90326,35.19881,375,syoukasen, ,2014/2/22 0:00
,138.90175,35.19835,376,syoukasen,,2014/2/22 0:00
,138.90183,35.1997,377,syoukasen, ,2014/2/22 0:00
,138.90103,35.19973,378,syoukasen,,2014/2/22 0:00
,138.90009,35.19844,379,syoukasen, ,2014/2/22 0:00
,138.89913,35.19714,380,syoukasen,,2014/2/22 0:00
,138.88798,35.19615,381,syoukasen, ,2014/2/22 0:00
,138.88703,35.19652,382,syoukasen,,2014/2/22 0:00
,138.88971,35.19908,383,syoukasen, ,2014/2/22 0:00
,138.89022,35.19927,384,syoukasen,,2014/2/22 0:00
,138.8882,35.19976,385,syoukasen, ,2014/2/22 0:00
,138.88767,35.19949,386,syoukasen,,2014/2/22 0:00
,138.88713,35.1998,387,syoukasen, ,2014/2/22 0:00
,138.88617,35.19854,388,syoukasen,,2014/2/22 0:00
,138.8852,35.19896,389,syoukasen, ,2014/2/22 0:00
,138.8846,35.19877,390,syoukasen,,2014/2/22 0:00
,138.88396,35.1994,391,syoukasen, ,2014/2/22 0:00
,138.88557,35.19653,392,syoukasen,,2014/2/22 0:00
,138.88434,35.19643,393,syoukasen, ,2014/2/22 0:00
,138.88359,35.19686,394,syoukasen,,2014/2/22 0:00
,138.88367,35.19766,395,syoukasen, ,2014/2/22 0:00
,138.88306,35.19815,396,syoukasen,,2014/2/22 0:00
,138.8829,35.19851,397,syoukasen, ,2014/2/22 0:00
,138.88262,35.19939,398,syoukasen,,2014/2/22 0:00
,138.8813,35.19886,399,syoukasen, ,2014/2/22 0:00
,138.88193,35.19802,400,syoukasen,,2014/2/22 0:00
,138.88198,35.19717,401,syoukasen, ,2014/2/22 0:00
,138.88239,35.19708,402,syoukasen,,2014/2/22 0:00
,138.88126,35.19651,403,syoukasen, ,2014/2/22 0:00
,138.88113,35.19572,404,syoukasen,,2014/2/22 0:00
,138.88172,35.19515,405,syoukasen, ,2014/2/22 0:00
,138.8799,35.19645,406,syoukasen,,2014/2/22 0:00
,138.88005,35.19797,407,syoukasen, ,2014/2/22 0:00
,138.88004,35.19842,408,syoukasen,,2014/2/22 0:00
,138.87985,35.19917,409,syoukasen, ,2014/2/22 0:00
,138.87929,35.19865,410,syoukasen,,2014/2/22 0:00
,138.87935,35.19697,411,syoukasen, ,2014/2/22 0:00
,138.87896,35.19633,412,syoukasen,,2014/2/22 0:00
,138.87875,35.19894,413,syoukasen, ,2014/2/22 0:00
,138.87809,35.19969,414,syoukasen,,2014/2/22 0:00
,138.87792,35.19878,415,syoukasen, ,2014/2/22 0:00
,138.87763,35.19788,416,syoukasen,,2014/2/22 0:00
,138.87844,35.19761,417,syoukasen, ,2014/2/22 0:00
,138.88283,35.19494,418,syoukasen,,2014/2/22 0:00
,138.88328,35.19458,419,syoukasen, ,2014/2/22 0:00
,138.88136,35.19444,420,syoukasen,,2014/2/22 0:00
,138.88338,35.19322,421,syoukasen, ,2014/2/22 0:00
,138.87915,35.20004,422,syoukasen,,2014/2/22 0:00
,138.87839,35.2014,423,syoukasen, ,2014/2/22 0:00
,138.87704,35.20173,424,syoukasen,,2014/2/22 0:00
,138.88126,35.20073,425,syoukasen, ,2014/2/22 0:00
,138.88231,35.20047,426,syoukasen,,2014/2/22 0:00
,138.88395,35.20045,427,syoukasen, ,2014/2/22 0:00
,138.88547,35.20091,428,syoukasen,,2014/2/22 0:00
,138.8863,35.19998,429,syoukasen, ,2014/2/22 0:00
,138.88824,35.20049,430,syoukasen,,2014/2/22 0:00
,138.88977,35.19996,431,syoukasen, ,2014/2/22 0:00
,138.88934,35.2004,432,syoukasen,,2014/2/22 0:00
,138.88881,35.20266,433,syoukasen, ,2014/2/22 0:00
,138.89072,35.20246,434,syoukasen,,2014/2/22 0:00
,138.89155,35.20342,435,syoukasen, ,2014/2/22 0:00
,138.89143,35.20402,436,syoukasen,,2014/2/22 0:00
,138.89427,35.20307,437,syoukasen, ,2014/2/22 0:00
,138.89425,35.20173,438,syoukasen,,2014/2/22 0:00
,138.89687,35.20201,439,syoukasen, ,2014/2/22 0:00
,138.89825,35.20186,440,syoukasen,,2014/2/22 0:00
,138.89792,35.20321,441,syoukasen, ,2014/2/22 0:00
,138.89778,35.20378,442,syoukasen,,2014/2/22 0:00
,138.8978,35.20449,443,syoukasen, ,2014/2/22 0:00
,138.90185,35.2032,444,syoukasen,,2014/2/22 0:00
,138.90198,35.20132,445,syoukasen, ,2014/2/22 0:00
,138.90261,35.2027,446,syoukasen,,2014/2/22 0:00
,138.9032,35.2004,447,syoukasen, ,2014/2/22 0:00
,138.90315,35.20439,448,syoukasen,,2014/2/22 0:00
,138.90453,35.20428,449,syoukasen, ,2014/2/22 0:00
,138.90487,35.20404,450,syoukasen,,2014/2/22 0:00
,138.90455,35.20155,451,syoukasen, ,2014/2/22 0:00
,138.90653,35.20079,452,syoukasen,,2014/2/22 0:00
,138.90827,35.20071,453,syoukasen, ,2014/2/22 0:00
,138.91117,35.19988,454,syoukasen,,2014/2/22 0:00
,138.91037,35.20056,455,syoukasen, ,2014/2/22 0:00
,138.91015,35.20252,456,syoukasen,,2014/2/22 0:00
,138.90929,35.20433,457,syoukasen, ,2014/2/22 0:00
,138.91364,35.20159,458,syoukasen,,2014/2/22 0:00
,138.91401,35.20023,459,syoukasen, ,2014/2/22 0:00
,138.91531,35.201,460,syoukasen,,2014/2/22 0:00
,138.9145,35.20281,461,syoukasen, ,2014/2/22 0:00
,138.91526,35.20309,462,syoukasen,,2014/2/22 0:00
,138.9154,35.20346,463,syoukasen, ,2014/2/22 0:00
,138.91592,35.20423,464,syoukasen,,2014/2/22 0:00
,138.9178,35.20391,465,syoukasen, ,2014/2/22 0:00
,138.91933,35.20431,466,syoukasen,,2014/2/22 0:00
,138.92097,35.20416,467,syoukasen, ,2014/2/22 0:00
,138.91889,35.20343,468,syoukasen,,2014/2/22 0:00
,138.91868,35.20284,469,syoukasen, ,2014/2/22 0:00
,138.92135,35.20188,470,syoukasen,,2014/2/22 0:00
,138.9187,35.20058,471,syoukasen, ,2014/2/22 0:00
,138.92435,35.20429,472,syoukasen,,2014/2/22 0:00
,138.92235,35.2047,473,syoukasen, ,2014/2/22 0:00
,138.92134,35.20629,474,syoukasen,,2014/2/22 0:00
,138.92203,35.20871,475,syoukasen, ,2014/2/22 0:00
,138.92029,35.20646,476,syoukasen,,2014/2/22 0:00
,138.91986,35.20509,477,syoukasen, ,2014/2/22 0:00
,138.91888,35.20573,478,syoukasen,,2014/2/22 0:00
,138.91769,35.20555,479,syoukasen, ,2014/2/22 0:00
,138.91791,35.20661,480,syoukasen,,2014/2/22 0:00
,138.91699,35.20702,481,syoukasen, ,2014/2/22 0:00
,138.91654,35.20725,482,syoukasen,,2014/2/22 0:00
,138.91778,35.20759,483,syoukasen, ,2014/2/22 0:00
,138.91743,35.20817,484,syoukasen,,2014/2/22 0:00
,138.91775,35.20864,485,syoukasen, ,2014/2/22 0:00
,138.91769,35.20889,486,syoukasen,,2014/2/22 0:00
,138.91617,35.20952,487,syoukasen, ,2014/2/22 0:00
,138.916,35.20859,488,syoukasen,,2014/2/22 0:00
,138.91516,35.20878,489,syoukasen, ,2014/2/22 0:00
,138.9129,35.20866,490,syoukasen,,2014/2/22 0:00
,138.91358,35.20631,491,syoukasen, ,2014/2/22 0:00
,138.91018,35.20846,492,syoukasen,,2014/2/22 0:00
,138.91009,35.20657,493,syoukasen, ,2014/2/22 0:00
,138.90755,35.20845,494,syoukasen,,2014/2/22 0:00
,138.90594,35.20833,495,syoukasen, ,2014/2/22 0:00
,138.90599,35.20673,496,syoukasen,,2014/2/22 0:00
,138.90722,35.20665,497,syoukasen, ,2014/2/22 0:00
,138.9068,35.20551,498,syoukasen,,2014/2/22 0:00
,138.90261,35.20906,499,syoukasen, ,2014/2/22 0:00
,138.9012,35.20786,500,syoukasen,,2014/2/22 0:00
,138.9015,35.20697,501,syoukasen, ,2014/2/22 0:00
,138.90157,35.20503,502,syoukasen,,2014/2/22 0:00
,138.90039,35.2088,503,syoukasen, ,2014/2/22 0:00
,138.89985,35.20758,504,syoukasen,,2014/2/22 0:00
,138.90006,35.20662,505,syoukasen, ,2014/2/22 0:00
,138.8999,35.20482,506,syoukasen,,2014/2/22 0:00
,138.89568,35.20479,507,syoukasen, ,2014/2/22 0:00
,138.89769,35.20584,508,syoukasen,,2014/2/22 0:00
,138.8986,35.2086,509,syoukasen, ,2014/2/22 0:00
,138.89759,35.20878,510,syoukasen,,2014/2/22 0:00
,138.89678,35.20724,511,syoukasen, ,2014/2/22 0:00
,138.89631,35.20774,512,syoukasen,,2014/2/22 0:00
,138.89558,35.20772,513,syoukasen, ,2014/2/22 0:00
,138.89563,35.20966,514,syoukasen,,2014/2/22 0:00
,138.89627,35.21032,515,syoukasen, ,2014/2/22 0:00
,138.89901,35.21056,516,syoukasen,,2014/2/22 0:00
,138.90035,35.2103,517,syoukasen, ,2014/2/22 0:00
,138.89986,35.21194,518,syoukasen,,2014/2/22 0:00
,138.8985,35.21349,519,syoukasen, ,2014/2/22 0:00
,138.89505,35.21032,520,syoukasen,,2014/2/22 0:00
,138.89384,35.21091,521,syoukasen, ,2014/2/22 0:00
,138.89385,35.21145,522,syoukasen,,2014/2/22 0:00
,138.89252,35.21149,523,syoukasen, ,2014/2/22 0:00
,138.89155,35.21208,524,syoukasen,,2014/2/22 0:00
,138.90207,35.21024,525,syoukasen, ,2014/2/22 0:00
,138.90742,35.21009,526,syoukasen,,2014/2/22 0:00
,138.90791,35.21115,527,syoukasen, ,2014/2/22 0:00
,138.9062,35.21247,528,syoukasen,,2014/2/22 0:00
,138.90206,35.21259,529,syoukasen, ,2014/2/22 0:00
,138.902,35.21394,530,syoukasen,,2014/2/22 0:00
,138.90291,35.21421,531,syoukasen, ,2014/2/22 0:00
,138.91022,35.21121,532,syoukasen,,2014/2/22 0:00
,138.91272,35.21034,533,syoukasen, ,2014/2/22 0:00
,138.91348,35.20986,534,syoukasen,,2014/2/22 0:00
,138.91414,35.21101,535,syoukasen, ,2014/2/22 0:00
,138.91456,35.21138,536,syoukasen,,2014/2/22 0:00
,138.91197,35.21213,537,syoukasen, ,2014/2/22 0:00
,138.91381,35.2126,538,syoukasen,,2014/2/22 0:00
,138.91422,35.21393,539,syoukasen, ,2014/2/22 0:00
,138.91131,35.21429,540,syoukasen,,2014/2/22 0:00
,138.91065,35.21391,541,syoukasen, ,2014/2/22 0:00
,138.9101,35.21397,542,syoukasen,,2014/2/22 0:00
,138.91661,35.21113,543,syoukasen, ,2014/2/22 0:00
,138.91651,35.21296,544,syoukasen,,2014/2/22 0:00
,138.9161,35.21421,545,syoukasen, ,2014/2/22 0:00
,138.91708,35.21357,546,syoukasen,,2014/2/22 0:00
,138.91818,35.21424,547,syoukasen, ,2014/2/22 0:00
,138.91798,35.21282,548,syoukasen,,2014/2/22 0:00
,138.9177,35.21132,549,syoukasen, ,2014/2/22 0:00
,138.91777,35.21028,550,syoukasen,,2014/2/22 0:00
,138.91791,35.20973,551,syoukasen, ,2014/2/22 0:00
,138.92122,35.20995,552,syoukasen,,2014/2/22 0:00
,138.92147,35.21113,553,syoukasen, ,2014/2/22 0:00
,138.92151,35.21167,554,syoukasen,,2014/2/22 0:00
,138.92241,35.21155,555,syoukasen, ,2014/2/22 0:00
,138.92267,35.21304,556,syoukasen,,2014/2/22 0:00
,138.92175,35.21352,557,syoukasen, ,2014/2/22 0:00
,138.9207,35.21353,558,syoukasen,,2014/2/22 0:00
,138.92025,35.21305,559,syoukasen, ,2014/2/22 0:00
,138.9245,35.21291,560,syoukasen,,2014/2/22 0:00
,138.92702,35.21342,561,syoukasen, ,2014/2/22 0:00
,138.92751,35.213,562,syoukasen,,2014/2/22 0:00
,138.92689,35.21226,563,syoukasen, ,2014/2/22 0:00
,138.92443,35.21139,564,syoukasen,,2014/2/22 0:00
,138.9252,35.21079,565,syoukasen, ,2014/2/22 0:00
,138.92556,35.2107,566,syoukasen,,2014/2/22 0:00
,138.92391,35.20965,567,syoukasen, ,2014/2/22 0:00
,138.92811,35.20837,568,syoukasen,,2014/2/22 0:00
,138.93061,35.20881,569,syoukasen, ,2014/2/22 0:00
,138.92353,35.21453,570,syoukasen,,2014/2/22 0:00
,138.926,35.21545,571,syoukasen, ,2014/2/22 0:00
,138.92545,35.21676,572,syoukasen,,2014/2/22 0:00
,138.92471,35.21583,573,syoukasen, ,2014/2/22 0:00
,138.92401,35.21614,574,syoukasen,,2014/2/22 0:00
,138.92269,35.2176,575,syoukasen, ,2014/2/22 0:00
,138.92117,35.21906,576,syoukasen,,2014/2/22 0:00
,138.91964,35.21892,577,syoukasen, ,2014/2/22 0:00
,138.91906,35.21909,578,syoukasen,,2014/2/22 0:00
,138.91952,35.21794,579,syoukasen, ,2014/2/22 0:00
,138.92055,35.21774,580,syoukasen,,2014/2/22 0:00
,138.91951,35.21733,581,syoukasen, ,2014/2/22 0:00
,138.91981,35.21655,582,syoukasen,,2014/2/22 0:00
,138.91806,35.21763,583,syoukasen, ,2014/2/22 0:00
,138.918,35.21723,584,syoukasen,,2014/2/22 0:00
,138.91818,35.21639,585,syoukasen, ,2014/2/22 0:00
,138.91857,35.21606,586,syoukasen,,2014/2/22 0:00
,138.91835,35.2158,587,syoukasen, ,2014/2/22 0:00
,138.91858,35.21552,588,syoukasen,,2014/2/22 0:00
,138.91819,35.21532,589,syoukasen, ,2014/2/22 0:00
,138.92086,35.2144,590,syoukasen,,2014/2/22 0:00
,138.92023,35.21992,591,syoukasen, ,2014/2/22 0:00
,138.91002,35.21544,592,syoukasen,,2014/2/22 0:00
,138.9088,35.2157,593,syoukasen, ,2014/2/22 0:00
,138.91014,35.21681,594,syoukasen,,2014/2/22 0:00
,138.90944,35.21771,595,syoukasen, ,2014/2/22 0:00
,138.90873,35.21772,596,syoukasen,,2014/2/22 0:00
,138.90374,35.21546,597,syoukasen, ,2014/2/22 0:00
,138.90405,35.21847,598,syoukasen,,2014/2/22 0:00
,138.90436,35.21867,599,syoukasen, ,2014/2/22 0:00
,138.90429,35.21929,600,syoukasen,,2014/2/22 0:00
,138.89999,35.21538,601,syoukasen, ,2014/2/22 0:00
,138.89892,35.21769,602,syoukasen,,2014/2/22 0:00
,138.89628,35.21674,603,syoukasen, ,2014/2/22 0:00
,138.89394,35.2174,604,syoukasen,,2014/2/22 0:00
,138.89264,35.2183,605,syoukasen, ,2014/2/22 0:00
,138.90613,35.21971,606,syoukasen,,2014/2/22 0:00
,138.9059,35.22061,607,syoukasen, ,2014/2/22 0:00
,138.90492,35.22073,608,syoukasen,,2014/2/22 0:00
,138.90389,35.22034,609,syoukasen, ,2014/2/22 0:00
,138.90185,35.22035,610,syoukasen,,2014/2/22 0:00
,138.90079,35.22154,611,syoukasen, ,2014/2/22 0:00
,138.89548,35.22373,612,syoukasen,,2014/2/22 0:00
,138.89451,35.22152,613,syoukasen, ,2014/2/22 0:00
,138.89166,35.22288,614,syoukasen,,2014/2/22 0:00
,138.89094,35.21956,615,syoukasen, ,2014/2/22 0:00
,138.88723,35.21949,616,syoukasen,,2014/2/22 0:00
,138.88471,35.22067,617,syoukasen, ,2014/2/22 0:00
,138.88491,35.22144,618,syoukasen,,2014/2/22 0:00
,138.88452,35.22191,619,syoukasen, ,2014/2/22 0:00
,138.88413,35.22073,620,syoukasen,,2014/2/22 0:00
,138.8837,35.22861,621,syoukasen, ,2014/2/22 0:00
,138.89076,35.22423,622,syoukasen,,2014/2/22 0:00
,138.89232,35.22581,623,syoukasen, ,2014/2/22 0:00
,138.89184,35.22852,624,syoukasen,,2014/2/22 0:00
,138.88959,35.22943,625,syoukasen, ,2014/2/22 0:00
,138.89633,35.23169,626,syoukasen,,2014/2/22 0:00
,138.87254,35.22872,627,syoukasen, ,2014/2/22 0:00
,138.87191,35.22929,628,syoukasen,,2014/2/22 0:00
,138.78393,35.25645,629,syoukasen, ,2014/2/22 0:00
,138.78604,35.25706,630,syoukasen,,2014/2/22 0:00
,138.78665,35.25713,631,syoukasen, ,2014/2/22 0:00
,138.78791,35.25691,632,syoukasen,,2014/2/22 0:00
,138.78938,35.25657,633,syoukasen, ,2014/2/22 0:00
,138.78634,35.2584,634,syoukasen,,2014/2/22 0:00
,138.79415,35.26318,635,syoukasen, ,2014/2/22 0:00
,138.79436,35.26432,636,syoukasen,,2014/2/22 0:00
,138.7949,35.26627,637,syoukasen, ,2014/2/22 0:00
,138.79741,35.26781,638,syoukasen,,2014/2/22 0:00
,138.79691,35.26979,639,syoukasen, ,2014/2/22 0:00
,138.79814,35.26973,640,syoukasen,,2014/2/22 0:00
,138.79925,35.27022,641,syoukasen, ,2014/2/22 0:00
,138.80033,35.26928,642,syoukasen,,2014/2/22 0:00
,138.80184,35.26933,643,syoukasen, ,2014/2/22 0:00
,138.84289,35.25278,644,syoukasen,,2014/2/22 0:00
,138.84259,35.25198,645,syoukasen, ,2014/2/22 0:00
,138.84486,35.25201,646,syoukasen,,2014/2/22 0:00
,138.8454,35.25244,647,syoukasen, ,2014/2/22 0:00
,138.8471,35.25361,648,syoukasen,,2014/2/22 0:00
,138.84926,35.25412,649,syoukasen, ,2014/2/22 0:00
,138.84683,35.25524,650,syoukasen,,2014/2/22 0:00
,138.84614,35.25449,651,syoukasen, ,2014/2/22 0:00
,138.84866,35.25221,652,syoukasen,,2014/2/22 0:00
,138.8514,35.2519,653,syoukasen, ,2014/2/22 0:00
,138.84638,35.25147,654,syoukasen,,2014/2/22 0:00
,138.84714,35.251,655,syoukasen, ,2014/2/22 0:00
,138.84778,35.25043,656,syoukasen,,2014/2/22 0:00
,138.84739,35.24964,657,syoukasen, ,2014/2/22 0:00
,138.84722,35.24758,658,syoukasen,,2014/2/22 0:00
,138.84832,35.24583,659,syoukasen, ,2014/2/22 0:00
,138.84876,35.24497,660,syoukasen,,2014/2/22 0:00
,138.85254,35.24591,661,syoukasen, ,2014/2/22 0:00
,138.85821,35.26083,662,syoukasen,,2014/2/22 0:00
,138.85881,35.26038,663,syoukasen, ,2014/2/22 0:00
,138.85738,35.26021,664,syoukasen,,2014/2/22 0:00
,138.85776,35.26005,665,syoukasen, ,2014/2/22 0:00
,138.8582,35.25985,666,syoukasen,,2014/2/22 0:00
,138.85811,35.2593,667,syoukasen, ,2014/2/22 0:00
,138.85888,35.25902,668,syoukasen,,2014/2/22 0:00
,138.85891,35.25875,669,syoukasen, ,2014/2/22 0:00
,138.85696,35.25963,670,syoukasen,,2014/2/22 0:00
,138.85731,35.25931,671,syoukasen, ,2014/2/22 0:00
,138.85771,35.25884,672,syoukasen,,2014/2/22 0:00
,138.85791,35.2584,673,syoukasen, ,2014/2/22 0:00
,138.8584,35.25827,674,syoukasen,,2014/2/22 0:00
,138.85868,35.25793,675,syoukasen, ,2014/2/22 0:00
,138.85771,35.25453,676,syoukasen,,2014/2/22 0:00
,138.85969,35.25148,677,syoukasen, ,2014/2/22 0:00
,138.86089,35.24974,678,syoukasen,,2014/2/22 0:00
,138.86291,35.24715,679,syoukasen, ,2014/2/22 0:00
,138.86561,35.24034,680,syoukasen,,2014/2/22 0:00
,138.86474,35.23985,681,syoukasen, ,2014/2/22 0:00
,138.86483,35.23157,682,syoukasen,,2014/2/22 0:00
,138.86472,35.2308,683,syoukasen, ,2014/2/22 0:00
,138.86577,35.23116,684,syoukasen,,2014/2/22 0:00
,138.86659,35.23112,685,syoukasen, ,2014/2/22 0:00
,138.86808,35.23067,686,syoukasen,,2014/2/22 0:00
,138.8684,35.23022,687,syoukasen, ,2014/2/22 0:00
,138.86974,35.23004,688,syoukasen,,2014/2/22 0:00
,138.86876,35.23258,689,syoukasen, ,2014/2/22 0:00
,138.87008,35.23379,690,syoukasen,,2014/2/22 0:00
,138.87166,35.23336,691,syoukasen, ,2014/2/22 0:00
,138.87128,35.23555,692,syoukasen,,2014/2/22 0:00
,138.87225,35.23279,693,syoukasen, ,2014/2/22 0:00
,138.87467,35.23254,694,syoukasen,,2014/2/22 0:00
,138.87463,35.23096,695,syoukasen, ,2014/2/22 0:00
,138.87616,35.23051,696,syoukasen,,2014/2/22 0:00
,138.87167,35.23023,697,syoukasen, ,2014/2/22 0:00
,138.87149,35.22868,698,syoukasen,,2014/2/22 0:00
,138.87273,35.22918,699,syoukasen, ,2014/2/22 0:00
,138.87366,35.22864,700,syoukasen,,2014/2/22 0:00
,138.87421,35.22808,701,syoukasen, ,2014/2/22 0:00
,138.87425,35.22715,702,syoukasen,,2014/2/22 0:00
,138.87333,35.22741,703,syoukasen, ,2014/2/22 0:00
,138.87233,35.22799,704,syoukasen,,2014/2/22 0:00
,138.87895,35.22987,705,syoukasen, ,2014/2/22 0:00
,138.88358,35.23073,706,syoukasen,,2014/2/22 0:00
,138.88656,35.23033,707,syoukasen, ,2014/2/22 0:00
,138.88705,35.22963,708,syoukasen,,2014/2/22 0:00
,138.888,35.22992,709,syoukasen, ,2014/2/22 0:00
,138.9133,35.16423,710,syoukasen,,2014/2/22 0:00
,138.91513,35.16427,711,syoukasen, ,2014/2/22 0:00
,138.90661,35.17691,712,syoukasen,,2014/2/22 0:00
,138.88328,35.19612,713,syoukasen, ,2014/2/22 0:00
,138.90359,35.16099,714,suisou,,2014/2/22 0:00
,138.90538,35.15163,715,suisou, ,2014/2/22 0:00
,138.90242,35.15276,716,suisou,,2014/2/22 0:00
,138.90615,35.15556,717,suisou, ,2014/2/22 0:00
,138.90521,35.15594,718,suisou,,2014/2/22 0:00
,138.90636,35.15873,719,suisou, ,2014/2/22 0:00
,138.90359,35.16101,720,suisou,,2014/2/22 0:00
,138.89984,35.16162,721,suisou, ,2014/2/22 0:00
,138.89918,35.16441,722,suisou,,2014/2/22 0:00
,138.90468,35.16465,723,suisou, ,2014/2/22 0:00
,138.9037,35.16647,724,suisou,,2014/2/22 0:00
,138.91432,35.16438,725,suisou, ,2014/2/22 0:00
,138.91123,35.16258,726,suisou,,2014/2/22 0:00
,138.91014,35.16663,727,suisou, ,2014/2/22 0:00
,138.89984,35.17258,728,suisou,,2014/2/22 0:00
,138.90159,35.17244,729,suisou, ,2014/2/22 0:00
,138.90212,35.17332,730,suisou,,2014/2/22 0:00
,138.9024,35.17462,731,suisou, ,2014/2/22 0:00
,138.90632,35.17437,732,suisou,,2014/2/22 0:00
,138.90504,35.17439,733,suisou, ,2014/2/22 0:00
,138.90506,35.17278,734,suisou,,2014/2/22 0:00
,138.90898,35.17433,735,suisou, ,2014/2/22 0:00
,138.91078,35.17261,736,suisou,,2014/2/22 0:00
,138.91151,35.17151,737,suisou, ,2014/2/22 0:00
,138.91306,35.17223,738,suisou,,2014/2/22 0:00
,138.91338,35.17042,739,suisou, ,2014/2/22 0:00
,138.91553,35.17033,740,suisou,,2014/2/22 0:00
,138.91772,35.17177,741,suisou, ,2014/2/22 0:00
,138.91838,35.17242,742,suisou,,2014/2/22 0:00
,138.91492,35.17381,743,suisou, ,2014/2/22 0:00
,138.91561,35.17722,744,suisou,,2014/2/22 0:00
,138.91515,35.17833,745,suisou, ,2014/2/22 0:00
,138.91363,35.17912,746,suisou,,2014/2/22 0:00
,138.9114,35.17868,747,suisou, ,2014/2/22 0:00
,138.90953,35.17951,748,suisou,,2014/2/22 0:00
,138.90962,35.18229,749,suisou, ,2014/2/22 0:00
,138.90564,35.17809,750,suisou,,2014/2/22 0:00
,138.9037,35.18417,751,suisou, ,2014/2/22 0:00
,138.90153,35.183,752,suisou,,2014/2/22 0:00
,138.9247,35.17955,753,suisou, ,2014/2/22 0:00
,138.9279,35.18286,754,suisou,,2014/2/22 0:00
,138.92511,35.18285,755,suisou, ,2014/2/22 0:00
,138.92015,35.18803,756,suisou,,2014/2/22 0:00
,138.91829,35.18727,757,suisou, ,2014/2/22 0:00
,138.90845,35.18872,758,suisou,,2014/2/22 0:00
,138.91789,35.19249,759,suisou, ,2014/2/22 0:00
,138.91014,35.19319,760,suisou,,2014/2/22 0:00
,138.91049,35.19533,761,suisou, ,2014/2/22 0:00
,138.92608,35.17871,762,suisou,,2014/2/22 0:00
,138.93039,35.17839,763,suisou, ,2014/2/22 0:00
,138.93327,35.17998,764,suisou,,2014/2/22 0:00
,138.93513,35.17933,765,suisou, ,2014/2/22 0:00
,138.93631,35.17975,766,suisou,,2014/2/22 0:00
,138.937,35.18003,767,suisou, ,2014/2/22 0:00
,138.93369,35.17347,768,suisou,,2014/2/22 0:00
,138.93716,35.17331,769,suisou, ,2014/2/22 0:00
,138.94002,35.17342,770,suisou,,2014/2/22 0:00
,138.92513,35.17407,771,suisou, ,2014/2/22 0:00
,138.94613,35.17251,772,suisou,,2014/2/22 0:00
,138.90024,35.20629,773,suisou, ,2014/2/22 0:00
,138.90319,35.20677,774,suisou,,2014/2/22 0:00
,138.90365,35.20393,775,suisou, ,2014/2/22 0:00
,138.90205,35.19993,776,suisou,,2014/2/22 0:00
,138.90278,35.19985,777,suisou, ,2014/2/22 0:00
,138.90087,35.19868,778,suisou,,2014/2/22 0:00
,138.9007,35.19784,779,suisou, ,2014/2/22 0:00
,138.90646,35.2012,780,suisou,,2014/2/22 0:00
,138.90694,35.19878,781,suisou, ,2014/2/22 0:00
,138.90685,35.19753,782,suisou,,2014/2/22 0:00
,138.9105,35.20134,783,suisou, ,2014/2/22 0:00
,138.91362,35.20001,784,suisou,,2014/2/22 0:00
,138.9194,35.19858,785,suisou, ,2014/2/22 0:00
,138.92237,35.19686,786,suisou,,2014/2/22 0:00
,138.92022,35.20166,787,suisou, ,2014/2/22 0:00
,138.91921,35.20266,788,suisou,,2014/2/22 0:00
,138.91709,35.20405,789,suisou, ,2014/2/22 0:00
,138.92146,35.20563,790,suisou,,2014/2/22 0:00
,138.88261,35.19616,791,suisou, ,2014/2/22 0:00
,138.8856,35.19738,792,suisou,,2014/2/22 0:00
,138.8801,35.19747,793,suisou, ,2014/2/22 0:00
,138.88091,35.19882,794,suisou,,2014/2/22 0:00
,138.88732,35.20013,795,suisou, ,2014/2/22 0:00
,138.89002,35.20247,796,suisou,,2014/2/22 0:00
,138.89197,35.20223,797,suisou, ,2014/2/22 0:00
,138.89287,35.20288,798,suisou,,2014/2/22 0:00
,138.89559,35.20142,799,suisou, ,2014/2/22 0:00
,138.89455,35.20345,800,suisou,,2014/2/22 0:00
,138.89482,35.20491,801,suisou, ,2014/2/22 0:00
,138.89683,35.20685,802,suisou,,2014/2/22 0:00
,138.90208,35.21203,803,suisou, ,2014/2/22 0:00
,138.90428,35.20866,804,suisou,,2014/2/22 0:00
,138.90749,35.21035,805,suisou, ,2014/2/22 0:00
,138.90774,35.21187,806,suisou,,2014/2/22 0:00
,138.91559,35.20938,807,suisou, ,2014/2/22 0:00
,138.92288,35.21272,808,suisou,,2014/2/22 0:00
,138.92496,35.21269,809,suisou, ,2014/2/22 0:00
,138.92566,35.21105,810,suisou,,2014/2/22 0:00
,138.92982,35.20897,811,suisou, ,2014/2/22 0:00
,138.92383,35.22037,812,suisou,,2014/2/22 0:00
,138.90889,35.2173,813,suisou, ,2014/2/22 0:00
,138.9047,35.21775,814,suisou,,2014/2/22 0:00
,138.89819,35.20867,815,suisou, ,2014/2/22 0:00
,138.89603,35.20951,816,suisou,,2014/2/22 0:00
,138.89677,35.21034,817,suisou, ,2014/2/22 0:00
,138.89804,35.21256,818,suisou,,2014/2/22 0:00
,138.89979,35.21296,819,suisou, ,2014/2/22 0:00
,138.89962,35.21692,820,suisou,,2014/2/22 0:00
,138.89688,35.21544,821,suisou, ,2014/2/22 0:00
,138.89346,35.211,822,suisou,,2014/2/22 0:00
,138.89237,35.21179,823,suisou, ,2014/2/22 0:00
,138.8939,35.21646,824,suisou,,2014/2/22 0:00
,138.89522,35.21929,825,suisou, ,2014/2/22 0:00
,138.89074,35.22061,826,suisou,,2014/2/22 0:00
,138.88638,35.22214,827,suisou, ,2014/2/22 0:00
,138.88506,35.22081,828,suisou,,2014/2/22 0:00
,138.88254,35.22162,829,suisou, ,2014/2/22 0:00
,138.87065,35.22982,830,suisou,,2014/2/22 0:00
,138.871,35.2313,831,suisou, ,2014/2/22 0:00
,138.78598,35.25809,832,suisou,,2014/2/22 0:00
,138.78626,35.25724,833,suisou, ,2014/2/22 0:00
,138.78825,35.25704,834,suisou,,2014/2/22 0:00
,138.80691,35.26453,835,suisou, ,2014/2/22 0:00
,138.86191,35.2608,836,suisou,,2014/2/22 0:00
,138.85844,35.25897,837,suisou, ,2014/2/22 0:00
,138.85705,35.2599,838,suisou,,2014/2/22 0:00
,138.84656,35.25558,839,suisou, ,2014/2/22 0:00
,138.845,35.25553,840,suisou,,2014/2/22 0:00
,138.84569,35.25489,841,suisou, ,2014/2/22 0:00
,138.84692,35.25478,842,suisou,,2014/2/22 0:00
,138.84482,35.25426,843,suisou, ,2014/2/22 0:00
,138.84533,35.25387,844,suisou,,2014/2/22 0:00
,138.84329,35.25278,845,suisou, ,2014/2/22 0:00
,138.84085,35.25306,846,suisou,,2014/2/22 0:00
,138.84517,35.25214,847,suisou, ,2014/2/22 0:00
,138.84764,35.25293,848,suisou,,2014/2/22 0:00
,138.84933,35.25373,849,suisou, ,2014/2/22 0:00
,138.85468,35.25219,850,suisou,,2014/2/22 0:00
,138.85066,35.25204,851,suisou, ,2014/2/22 0:00
,138.84862,35.25132,852,suisou,,2014/2/22 0:00
,138.84746,35.25016,853,suisou, ,2014/2/22 0:00
,138.84833,35.24999,854,suisou,,2014/2/22 0:00
,138.84751,35.24866,855,suisou, ,2014/2/22 0:00
,138.84708,35.2479,856,suisou,,2014/2/22 0:00
,138.85255,35.24826,857,suisou, ,2014/2/22 0:00
,138.85324,35.24623,858,suisou,,2014/2/22 0:00
,138.8499,35.24708,859,suisou, ,2014/2/22 0:00
,138.84718,35.2465,860,suisou,,2014/2/22 0:00
,138.84697,35.24588,861,suisou, ,2014/2/22 0:00
,138.84984,35.24523,862,suisou,,2014/2/22 0:00
,138.84927,35.24502,863,suisou, ,2014/2/22 0:00
,138.85006,35.24446,864,suisou,,2014/2/22 0:00
,138.86656,35.24075,865,suisou, ,2014/2/22 0:00
,138.86466,35.23957,866,suisou,,2014/2/22 0:00
,138.87274,35.23634,867,suisou, ,2014/2/22 0:00
,138.8707,35.23609,868,suisou,,2014/2/22 0:00
,138.87124,35.23437,869,suisou, ,2014/2/22 0:00
,138.87486,35.23279,870,suisou,,2014/2/22 0:00
,138.87356,35.23149,871,suisou, ,2014/2/22 0:00
,138.8673,35.23017,872,suisou,,2014/2/22 0:00
,138.87317,35.22781,873,suisou, ,2014/2/22 0:00
,138.88649,35.22423,874,suisou,,2014/2/22 0:00
,138.88136,35.18928,875,suisou, ,2014/2/22 0:00
,138.90721,35.15575,876,suisou,,2014/2/22 0:00
,138.91519,35.16853,877,suisou, ,2014/2/22 0:00
,138.91167,35.16776,878,suisou,,2014/2/22 0:00
,138.90291,35.16758,879,suisou, ,2014/2/22 0:00
,138.90187,35.1821,880,suisou,,2014/2/22 0:00
,138.9019,35.18115,881,suisou, ,2014/2/22 0:00
,138.90339,35.17877,882,suisou,,2014/2/22 0:00
,138.9065,35.17804,883,suisou, ,2014/2/22 0:00
,138.91345,35.17431,884,suisou,,2014/2/22 0:00
,138.91199,35.17191,885,suisou, ,2014/2/22 0:00
,138.90987,35.17059,886,suisou,,2014/2/22 0:00
,138.9097,35.17013,887,suisou, ,2014/2/22 0:00
,138.90561,35.17607,888,suisou,,2014/2/22 0:00
,138.90626,35.17504,889,suisou, ,2014/2/22 0:00
,138.90457,35.17618,890,suisou,,2014/2/22 0:00
,138.90261,35.17516,891,suisou, ,2014/2/22 0:00
,138.90222,35.17416,892,suisou,,2014/2/22 0:00
,138.90183,35.17489,893,suisou, ,2014/2/22 0:00
,138.90085,35.17521,894,suisou,,2014/2/22 0:00
,138.91519,35.16853,895,suisou, ,2014/2/22 0:00
,138.906,35.1827,896,suisou,,2014/2/22 0:00
,138.90652,35.18583,897,suisou, ,2014/2/22 0:00
,138.90976,35.18961,898,suisou,,2014/2/22 0:00
,138.90085,35.18956,899,suisou, ,2014/2/22 0:00
,138.89867,35.18964,900,suisou,,2014/2/22 0:00
,138.89729,35.18994,901,suisou, ,2014/2/22 0:00
,138.89941,35.19533,902,suisou,,2014/2/22 0:00
,138.91734,35.18963,903,suisou, ,2014/2/22 0:00
,138.91019,35.20357,904,suisou,,2014/2/22 0:00
,138.92054,35.20566,905,suisou, ,2014/2/22 0:00
,138.92001,35.20601,906,suisou,,2014/2/22 0:00
,138.91668,35.21259,907,suisou, ,2014/2/22 0:00
,138.91841,35.21513,908,suisou,,2014/2/22 0:00
,138.9201,35.21552,909,suisou, ,2014/2/22 0:00
,138.89153,35.20306,910,suisou,,2014/2/22 0:00
,138.89348,35.20188,911,suisou, ,2014/2/22 0:00
,138.89826,35.20285,912,suisou,,2014/2/22 0:00
,138.89916,35.20322,913,suisou, ,2014/2/22 0:00
,138.89792,35.20399,914,suisou,,2014/2/22 0:00
,138.90405,35.20158,915,suisou, ,2014/2/22 0:00
,138.90839,35.20163,916,suisou,,2014/2/22 0:00
,138.9019,35.2052,917,suisou, ,2014/2/22 0:00
,138.9016,35.20669,918,suisou,,2014/2/22 0:00
,138.90131,35.20834,919,suisou, ,2014/2/22 0:00
,138.9023,35.21051,920,suisou,,2014/2/22 0:00
,138.89471,35.2105,921,suisou, ,2014/2/22 0:00
,138.92338,35.22072,922,suisou,,2014/2/22 0:00
,138.91964,35.21821,923,suisou, ,2014/2/22 0:00
,138.88571,35.20397,924,suisou,,2014/2/22 0:00
,138.8837,35.2049,925,suisou, ,2014/2/22 0:00
,138.89197,35.2122,926,suisou,,2014/2/22 0:00
,138.90157,35.21409,927,suisou, ,2014/2/22 0:00
,138.89357,35.22163,928,suisou,,2014/2/22 0:00
,138.88446,35.22102,929,suisou, ,2014/2/22 0:00
,138.78428,35.25671,930,suisou,,2014/2/22 0:00
,138.78752,35.25712,931,suisou, ,2014/2/22 0:00
,138.846,35.25581,932,suisou,,2014/2/22 0:00
,138.84325,35.25404,933,suisou, ,2014/2/22 0:00
,138.84725,35.25416,934,suisou,,2014/2/22 0:00
,138.85243,35.2522,935,suisou, ,2014/2/22 0:00
,138.84844,35.25299,936,suisou,,2014/2/22 0:00
,138.8486,35.25189,937,suisou, ,2014/2/22 0:00
,138.84926,35.25154,938,suisou,,2014/2/22 0:00
,138.84753,35.25174,939,suisou, ,2014/2/22 0:00
,138.84498,35.25261,940,suisou,,2014/2/22 0:00
,138.84607,35.25086,941,suisou, ,2014/2/22 0:00
,138.84324,35.25199,942,suisou,,2014/2/22 0:00
,138.84067,35.25184,943,suisou, ,2014/2/22 0:00
,138.84737,35.24725,944,suisou,,2014/2/22 0:00
,138.84768,35.24548,945,suisou, ,2014/2/22 0:00
,138.8485,35.24522,946,suisou,,2014/2/22 0:00
,138.85072,35.24559,947,suisou, ,2014/2/22 0:00
,138.85152,35.24452,948,suisou,,2014/2/22 0:00
,138.86537,35.2396,949,suisou, ,2014/2/22 0:00
,138.87088,35.23663,950,suisou,,2014/2/22 0:00
,138.87867,35.237,951,suisou, ,2014/2/22 0:00
,138.87203,35.23572,952,suisou,,2014/2/22 0:00
,138.87111,35.23391,953,suisou, ,2014/2/22 0:00
,138.87196,35.23301,954,suisou,,2014/2/22 0:00
,138.87047,35.23341,955,suisou, ,2014/2/22 0:00
,138.86874,35.23204,956,suisou,,2014/2/22 0:00
,138.88664,35.22933,957,suisou, ,2014/2/22 0:00
,138.90497,35.15558,958,suisou,,2014/2/22 0:00
,138.90564,35.17732,959,suisou, ,2014/2/22 0:00
,138.9227,35.17355,960,suisou,,2014/2/22 0:00
,138.91349,35.17482,961,suisou, ,2014/2/22 0:00
,138.8839,35.19861,962,suisou,,2014/2/22 0:00
,138.90434,35.20042,963,suisou, ,2014/2/22 0:00
,138.91275,35.19636,964,suisou,,2014/2/22 0:00
,138.91792,35.20283,965,suisou, ,2014/2/22 0:00
,138.90685,35.2168,966,suisou,,2014/2/22 0:00
,138.84564,35.25006,967,suisou, ,2014/2/22 0:00
,138.9122,35.21765,968,suisou,,2014/2/22 0:00
,138.92191,35.21756,969,suisou, ,2014/2/22 0:00
,138.87611,35.202,970,suisou,,2014/2/22 0:00
,138.90443,35.20303,971,suisou, ,2014/2/22 0:00
,138.91173,35.19616,972,suisou,,2014/2/22 0:00
,138.90314,35.18367,973,suisou, ,2014/2/22 0:00
,138.92015,35.17628,974,suisou,,2014/2/22 0:00
,138.92734,35.17902,975,suisou, ,2014/2/22 0:00
,138.83903,35.25515,976,suisou,,2014/2/22 0:00
,138.87919,35.23671,977,suisou, ,2014/2/22 0:00
,138.88169,35.23918,978,suisou,,2014/2/22 0:00
,138.89369,35.16435,979,suisou, ,2014/2/22 0:00
,138.90593,35.15934,980,suisou,,2014/2/22 0:00
,138.8964,35.16554,981,suisou, ,2014/2/22 0:00
,138.89928,35.19627,982,suisou,,2014/2/22 0:00
,138.90572,35.19592,983,suisou, ,2014/2/22 0:00
,138.91729,35.21768,984,suisou,,2014/2/22 0:00
,138.84762,35.24363,985,suisou, ,2014/2/22 0:00
